[
{
    "fields": {
        "checker_scheduler_conf": "\"MIN_TIME\": 1440,\r\n\"MAX_TIME\": 10080,\r\n\"INITIAL_NEXT_ACTION_FACTOR\": 1,\r\n\"ZERO_ACTIONS_FACTOR_CHANGE\": 5,\r\n\"FACTOR_CHANGE_FACTOR\": 1.3,\r\n",
        "scraper_scheduler_conf": "\"MIN_TIME\": 15,\r\n\"MAX_TIME\": 10080,\r\n\"INITIAL_NEXT_ACTION_FACTOR\": 10,\r\n\"ZERO_ACTIONS_FACTOR_CHANGE\": 20,\r\n\"FACTOR_CHANGE_FACTOR\": 1.3,\r\n",
        "name": "Payment",
        "comments": ""
    },
    "model": "dynamic_scraper.scrapedobjclass",
    "pk": 1
},
{
    "fields": {
        "save_to_db": true,
        "name": "base",
        "id_field": false,
        "order": 10,
        "obj_class": 1,
        "attr_type": "B"
    },
    "model": "dynamic_scraper.scrapedobjattr",
    "pk": 1
},
{
    "fields": {
        "save_to_db": true,
        "name": "name",
        "id_field": true,
        "order": 20,
        "obj_class": 1,
        "attr_type": "S"
    },
    "model": "dynamic_scraper.scrapedobjattr",
    "pk": 2
},
{
    "fields": {
        "save_to_db": true,
        "name": "country",
        "id_field": true,
        "order": 30,
        "obj_class": 1,
        "attr_type": "S"
    },
    "model": "dynamic_scraper.scrapedobjattr",
    "pk": 3
},
{
    "fields": {
        "save_to_db": true,
        "name": "zip_code",
        "id_field": true,
        "order": 40,
        "obj_class": 1,
        "attr_type": "S"
    },
    "model": "dynamic_scraper.scrapedobjattr",
    "pk": 4
},
{
    "fields": {
        "save_to_db": true,
        "name": "town",
        "id_field": true,
        "order": 50,
        "obj_class": 1,
        "attr_type": "S"
    },
    "model": "dynamic_scraper.scrapedobjattr",
    "pk": 5
},
{
    "fields": {
        "save_to_db": true,
        "name": "region",
        "id_field": false,
        "order": 60,
        "obj_class": 1,
        "attr_type": "S"
    },
    "model": "dynamic_scraper.scrapedobjattr",
    "pk": 6
},
{
    "fields": {
        "save_to_db": true,
        "name": "year",
        "id_field": true,
        "order": 70,
        "obj_class": 1,
        "attr_type": "S"
    },
    "model": "dynamic_scraper.scrapedobjattr",
    "pk": 7
},
{
    "fields": {
        "save_to_db": true,
        "name": "amount_nc",
        "id_field": false,
        "order": 80,
        "obj_class": 1,
        "attr_type": "S"
    },
    "model": "dynamic_scraper.scrapedobjattr",
    "pk": 9
},
{
    "fields": {
        "save_to_db": true,
        "name": "nc_symbol",
        "id_field": false,
        "order": 90,
        "obj_class": 1,
        "attr_type": "S"
    },
    "model": "dynamic_scraper.scrapedobjattr",
    "pk": 10
},
{
    "fields": {
        "save_to_db": true,
        "name": "nc_conv_date",
        "id_field": false,
        "order": 110,
        "obj_class": 1,
        "attr_type": "S"
    },
    "model": "dynamic_scraper.scrapedobjattr",
    "pk": 11
},
{
    "fields": {
        "save_to_db": true,
        "name": "nc_conv_rate",
        "id_field": false,
        "order": 120,
        "obj_class": 1,
        "attr_type": "S"
    },
    "model": "dynamic_scraper.scrapedobjattr",
    "pk": 12
},
{
    "fields": {
        "save_to_db": true,
        "name": "amount_euro",
        "id_field": false,
        "order": 130,
        "obj_class": 1,
        "attr_type": "S"
    },
    "model": "dynamic_scraper.scrapedobjattr",
    "pk": 13
},
{
    "fields": {
        "save_to_db": true,
        "name": "sub_payments_nc",
        "id_field": false,
        "order": 140,
        "obj_class": 1,
        "attr_type": "S"
    },
    "model": "dynamic_scraper.scrapedobjattr",
    "pk": 14
},
{
    "fields": {
        "save_to_db": true,
        "name": "sub_payments_euro",
        "id_field": false,
        "order": 150,
        "obj_class": 1,
        "attr_type": "S"
    },
    "model": "dynamic_scraper.scrapedobjattr",
    "pk": 15
},
{
    "fields": {
        "save_to_db": false,
        "name": "extra_dp_url_1",
        "id_field": false,
        "order": 160,
        "obj_class": 1,
        "attr_type": "S"
    },
    "model": "dynamic_scraper.scrapedobjattr",
    "pk": 16
},
{
    "fields": {
        "save_to_db": false,
        "name": "extra_dp_url_2",
        "id_field": false,
        "order": 170,
        "obj_class": 1,
        "attr_type": "S"
    },
    "model": "dynamic_scraper.scrapedobjattr",
    "pk": 17
},
{
    "fields": {
        "save_to_db": false,
        "name": "extra_dp_url_3",
        "id_field": false,
        "order": 180,
        "obj_class": 1,
        "attr_type": "S"
    },
    "model": "dynamic_scraper.scrapedobjattr",
    "pk": 18
},
{
    "fields": {
        "save_to_db": false,
        "name": "sp1",
        "id_field": false,
        "order": 190,
        "obj_class": 1,
        "attr_type": "S"
    },
    "model": "dynamic_scraper.scrapedobjattr",
    "pk": 19
},
{
    "fields": {
        "save_to_db": false,
        "name": "sp2",
        "id_field": false,
        "order": 200,
        "obj_class": 1,
        "attr_type": "S"
    },
    "model": "dynamic_scraper.scrapedobjattr",
    "pk": 20
},
{
    "fields": {
        "save_to_db": false,
        "name": "sp3",
        "id_field": false,
        "order": 210,
        "obj_class": 1,
        "attr_type": "S"
    },
    "model": "dynamic_scraper.scrapedobjattr",
    "pk": 21
},
{
    "fields": {
        "save_to_db": false,
        "name": "sp4",
        "id_field": false,
        "order": 220,
        "obj_class": 1,
        "attr_type": "S"
    },
    "model": "dynamic_scraper.scrapedobjattr",
    "pk": 22
},
{
    "fields": {
        "save_to_db": false,
        "name": "sp5",
        "id_field": false,
        "order": 230,
        "obj_class": 1,
        "attr_type": "S"
    },
    "model": "dynamic_scraper.scrapedobjattr",
    "pk": 23
},
{
    "fields": {
        "save_to_db": false,
        "name": "sp6",
        "id_field": false,
        "order": 240,
        "obj_class": 1,
        "attr_type": "S"
    },
    "model": "dynamic_scraper.scrapedobjattr",
    "pk": 24
},
{
    "fields": {
        "save_to_db": true,
        "name": "nc_sign",
        "id_field": false,
        "order": 100,
        "obj_class": 1,
        "attr_type": "S"
    },
    "model": "dynamic_scraper.scrapedobjattr",
    "pk": 25
},
{
    "fields": {
        "status": "M",
        "pagination_page_replace": "1, 965",
        "name": "GB (Great Britain) - Environment Department",
        "max_items_save": null,
        "pagination_append_str": "/SearchResults.aspx?Page={page}&Sort=",
        "max_items_read": null,
        "pagination_on_start": true,
        "pagination_type": "R",
        "last_checker_delete": null,
        "comments": "Scraping via normal GET request, Pagination via GET param.\r\n- Reset session cookie manually before starting scraper runs (cookie stays valid a couple of days)\r\n- Manually press 'search' button once within search form on website\r\n\r\nNum pages: 9.649 (192.965 / 20), 2016-01-21",
        "last_scraper_save": "2016-01-14T09:10:45.046Z",
        "next_last_scraper_save_alert": "2016-01-12T11:09:39Z",
        "last_checker_delete_alert_period": "",
        "last_scraper_save_alert_period": "",
        "next_last_checker_delete_alert": "2016-01-12T11:09:39Z",
        "scraped_obj_class": 1
    },
    "model": "dynamic_scraper.scraper",
    "pk": 1
},
{
    "fields": {
        "status": "M",
        "pagination_page_replace": "1, 129",
        "name": "IE (Ireland) - Agriculture Department",
        "max_items_save": null,
        "pagination_append_str": "/capben/cap_ben_results_current_year_if.jsp?PageNo={page}",
        "max_items_read": null,
        "pagination_on_start": true,
        "pagination_type": "R",
        "last_checker_delete": null,
        "comments": "1. Go to http://www.agriculture.gov.ie/agri-foodindustry/euinternationalpolicy/commonagriculturalpolicycap/capbeneficiariesdatabase/paymentsdatabase/cap_ben_master.jsp\r\n2. Open Dev Tools Network section, filter Docs\r\n3. Accept terms, open http://www.agriculture.gov.ie/capben/cap_ben_terms.jsp page in new tab\r\n4. Go to year, do one first search, use cookie for scraping\r\n5. Scrape per Location by manually inserting the Locations into the POST form data of the Request Page Type\r\n    AND adopt region for ScraperElem manually on every region change\r\n6. Divide viewing results by 15 (entries per page) and adopt the range function for pagination\r\n7. Start scraping (move every scraper JSON file to a separate file for later concatenation!)\r\n\r\nGENERAL: Extremely short session period (< 15 min), start scraping process instantly!!!",
        "last_scraper_save": null,
        "next_last_scraper_save_alert": "2016-01-14T10:37:08Z",
        "last_checker_delete_alert_period": "",
        "last_scraper_save_alert_period": "",
        "next_last_checker_delete_alert": "2016-01-14T10:37:08Z",
        "scraped_obj_class": 1
    },
    "model": "dynamic_scraper.scraper",
    "pk": 2
},
{
    "fields": {
        "body": "",
        "cookies": "{ \"ASP.NET_SessionId\": \"5xuiw0qpy1tfttfvmdetj355\" }",
        "render_javascript": false,
        "dont_filter": false,
        "scraped_obj_attr": null,
        "scraper": 1,
        "comments": "",
        "headers": "",
        "request_type": "R",
        "meta": "",
        "page_type": "MP",
        "content_type": "H",
        "form_data": "",
        "method": "GET"
    },
    "model": "dynamic_scraper.requestpagetype",
    "pk": 1
},
{
    "fields": {
        "body": "",
        "cookies": "{ \"JSESSIONID\": \"a8c77a18df28b4b6fd443bbaf7af8bedf12b19a67bc9f3a3bdc005a4e1d4b17c\" }",
        "render_javascript": false,
        "dont_filter": false,
        "scraped_obj_attr": null,
        "scraper": 2,
        "comments": "",
        "headers": "",
        "request_type": "F",
        "meta": "",
        "page_type": "MP",
        "content_type": "H",
        "form_data": "{ \"location\": \"CARLOW\", \"range\": \"6\", \"measure\": \"99\", \"sort\": \"1\" }",
        "method": "POST"
    },
    "model": "dynamic_scraper.requestpagetype",
    "pk": 2
},
{
    "fields": {
        "proc_ctxt": "",
        "x_path": "//table[@class=\"resultstable\"]//tr[not(@style)]",
        "processors": "",
        "scraped_obj_attr": 1,
        "scraper": 1,
        "request_page_type": "MP",
        "mandatory": true,
        "reg_exp": ""
    },
    "model": "dynamic_scraper.scraperelem",
    "pk": 1
},
{
    "fields": {
        "proc_ctxt": "",
        "x_path": "td[2]/text()",
        "processors": "",
        "scraped_obj_attr": 2,
        "scraper": 1,
        "request_page_type": "MP",
        "mandatory": true,
        "reg_exp": ""
    },
    "model": "dynamic_scraper.scraperelem",
    "pk": 2
},
{
    "fields": {
        "proc_ctxt": "'static': 'GB'",
        "x_path": "",
        "processors": "static",
        "scraped_obj_attr": 3,
        "scraper": 1,
        "request_page_type": "MP",
        "mandatory": true,
        "reg_exp": ""
    },
    "model": "dynamic_scraper.scraperelem",
    "pk": 3
},
{
    "fields": {
        "proc_ctxt": "",
        "x_path": "td[3]/text()",
        "processors": "",
        "scraped_obj_attr": 4,
        "scraper": 1,
        "request_page_type": "MP",
        "mandatory": true,
        "reg_exp": ""
    },
    "model": "dynamic_scraper.scraperelem",
    "pk": 4
},
{
    "fields": {
        "proc_ctxt": "",
        "x_path": "td[4]/text()",
        "processors": "",
        "scraped_obj_attr": 5,
        "scraper": 1,
        "request_page_type": "MP",
        "mandatory": true,
        "reg_exp": ""
    },
    "model": "dynamic_scraper.scraperelem",
    "pk": 5
},
{
    "fields": {
        "proc_ctxt": "'static': '2015'",
        "x_path": "",
        "processors": "static",
        "scraped_obj_attr": 7,
        "scraper": 1,
        "request_page_type": "MP",
        "mandatory": true,
        "reg_exp": ""
    },
    "model": "dynamic_scraper.scraperelem",
    "pk": 6
},
{
    "fields": {
        "proc_ctxt": "'remove_chars': '[\u00a3,]+'",
        "x_path": "td[8]/text()",
        "processors": "remove_chars",
        "scraped_obj_attr": 9,
        "scraper": 1,
        "request_page_type": "MP",
        "mandatory": true,
        "reg_exp": ""
    },
    "model": "dynamic_scraper.scraperelem",
    "pk": 8
},
{
    "fields": {
        "proc_ctxt": "'static': 'PLACEHOLDER'",
        "x_path": "",
        "processors": "static",
        "scraped_obj_attr": 13,
        "scraper": 1,
        "request_page_type": "MP",
        "mandatory": true,
        "reg_exp": ""
    },
    "model": "dynamic_scraper.scraperelem",
    "pk": 9
},
{
    "fields": {
        "proc_ctxt": "",
        "x_path": "//div[@id=\"if_content\"]//table[1]//tr",
        "processors": "",
        "scraped_obj_attr": 1,
        "scraper": 2,
        "request_page_type": "MP",
        "mandatory": true,
        "reg_exp": ""
    },
    "model": "dynamic_scraper.scraperelem",
    "pk": 10
},
{
    "fields": {
        "proc_ctxt": "",
        "x_path": ".//td[1]/text()",
        "processors": "",
        "scraped_obj_attr": 2,
        "scraper": 2,
        "request_page_type": "MP",
        "mandatory": true,
        "reg_exp": ""
    },
    "model": "dynamic_scraper.scraperelem",
    "pk": 11
},
{
    "fields": {
        "proc_ctxt": "'static': 'IE'",
        "x_path": "",
        "processors": "static",
        "scraped_obj_attr": 3,
        "scraper": 2,
        "request_page_type": "MP",
        "mandatory": true,
        "reg_exp": ""
    },
    "model": "dynamic_scraper.scraperelem",
    "pk": 12
},
{
    "fields": {
        "proc_ctxt": "",
        "x_path": ".//td[2]/text()",
        "processors": "",
        "scraped_obj_attr": 5,
        "scraper": 2,
        "request_page_type": "MP",
        "mandatory": true,
        "reg_exp": ""
    },
    "model": "dynamic_scraper.scraperelem",
    "pk": 13
},
{
    "fields": {
        "proc_ctxt": "'static': 'CARLOW'",
        "x_path": "",
        "processors": "static",
        "scraped_obj_attr": 6,
        "scraper": 2,
        "request_page_type": "MP",
        "mandatory": true,
        "reg_exp": ""
    },
    "model": "dynamic_scraper.scraperelem",
    "pk": 14
},
{
    "fields": {
        "proc_ctxt": "'static': '2014'",
        "x_path": "",
        "processors": "static",
        "scraped_obj_attr": 7,
        "scraper": 2,
        "request_page_type": "MP",
        "mandatory": true,
        "reg_exp": ""
    },
    "model": "dynamic_scraper.scraperelem",
    "pk": 15
},
{
    "fields": {
        "proc_ctxt": "'remove_chars': '[,]+'",
        "x_path": ".//td[3]/text()",
        "processors": "remove_chars",
        "scraped_obj_attr": 13,
        "scraper": 2,
        "request_page_type": "MP",
        "mandatory": true,
        "reg_exp": ""
    },
    "model": "dynamic_scraper.scraperelem",
    "pk": 16
},
{
    "fields": {
        "proc_ctxt": "'static': 'Rural Development,{sp1} | Direct Aid,{sp2} | Market Schemes,{sp3}'",
        "x_path": "",
        "processors": "static",
        "scraped_obj_attr": 14,
        "scraper": 1,
        "request_page_type": "MP",
        "mandatory": true,
        "reg_exp": ""
    },
    "model": "dynamic_scraper.scraperelem",
    "pk": 17
},
{
    "fields": {
        "proc_ctxt": "'static': 'PLACEHOLDER'",
        "x_path": "",
        "processors": "static",
        "scraped_obj_attr": 15,
        "scraper": 1,
        "request_page_type": "MP",
        "mandatory": true,
        "reg_exp": ""
    },
    "model": "dynamic_scraper.scraperelem",
    "pk": 18
},
{
    "fields": {
        "proc_ctxt": "'remove_chars': '[\u00a3,\\|]+'",
        "x_path": "td[5]/text()",
        "processors": "remove_chars",
        "scraped_obj_attr": 19,
        "scraper": 1,
        "request_page_type": "MP",
        "mandatory": true,
        "reg_exp": ""
    },
    "model": "dynamic_scraper.scraperelem",
    "pk": 19
},
{
    "fields": {
        "proc_ctxt": "'remove_chars': '[\u00a3,\\|]+'",
        "x_path": "td[6]/text()",
        "processors": "remove_chars",
        "scraped_obj_attr": 20,
        "scraper": 1,
        "request_page_type": "MP",
        "mandatory": true,
        "reg_exp": ""
    },
    "model": "dynamic_scraper.scraperelem",
    "pk": 20
},
{
    "fields": {
        "proc_ctxt": "'remove_chars': '[\u00a3,\\|]+'",
        "x_path": "td[7]/text()",
        "processors": "remove_chars",
        "scraped_obj_attr": 21,
        "scraper": 1,
        "request_page_type": "MP",
        "mandatory": true,
        "reg_exp": ""
    },
    "model": "dynamic_scraper.scraperelem",
    "pk": 21
},
{
    "fields": {
        "proc_ctxt": "'static': 'GBP'",
        "x_path": "",
        "processors": "static",
        "scraped_obj_attr": 10,
        "scraper": 1,
        "request_page_type": "MP",
        "mandatory": true,
        "reg_exp": ""
    },
    "model": "dynamic_scraper.scraperelem",
    "pk": 22
},
{
    "fields": {
        "proc_ctxt": "'static': 'PLACEHOLDER'",
        "x_path": "",
        "processors": "static",
        "scraped_obj_attr": 11,
        "scraper": 1,
        "request_page_type": "MP",
        "mandatory": true,
        "reg_exp": ""
    },
    "model": "dynamic_scraper.scraperelem",
    "pk": 23
},
{
    "fields": {
        "proc_ctxt": "'static': 'PLACEHOLDER'",
        "x_path": "",
        "processors": "static",
        "scraped_obj_attr": 12,
        "scraper": 1,
        "request_page_type": "MP",
        "mandatory": true,
        "reg_exp": ""
    },
    "model": "dynamic_scraper.scraperelem",
    "pk": 24
},
{
    "fields": {
        "proc_ctxt": "'static': '\u00a3'",
        "x_path": "",
        "processors": "static",
        "scraped_obj_attr": 25,
        "scraper": 1,
        "request_page_type": "MP",
        "mandatory": true,
        "reg_exp": ""
    },
    "model": "dynamic_scraper.scraperelem",
    "pk": 25
},
{
    "fields": {
        "scrape_url": "http://cap-payments.defra.gov.uk",
        "comments": "",
        "name": "GB (Great Britain) - Environment Department",
        "info_url": "https://www.gov.uk/government/organisations/department-for-environment-food-rural-affairs",
        "scraper": 1
    },
    "model": "fs_data.agency",
    "pk": "GB"
},
{
    "fields": {
        "scrape_url": "http://www.agriculture.gov.ie",
        "comments": "",
        "name": "IE (Ireland) - Agriculture Department",
        "info_url": "http://www.agriculture.gov.ie",
        "scraper": 2
    },
    "model": "fs_data.agency",
    "pk": "IE"
},
{
    "fields": {
        "town": "PERTH",
        "nc_symbol": "",
        "nc_conv_rate": null,
        "name": "\"A F Angelil T/A \"\"Cluny Estate\"\"\"",
        "amount_euro": "200.00",
        "country": "GB",
        "region": "",
        "sub_payments_euro": "",
        "sub_payments_nc": "",
        "year": 2015,
        "nc_sign": "",
        "amount_nc": "57444.13",
        "nc_conv_date": null,
        "zip_code": "PH2"
    },
    "model": "fs_data.payment",
    "pk": 1
},
{
    "fields": {
        "town": "Nr Dereham",
        "nc_symbol": "",
        "nc_conv_rate": null,
        "name": "******",
        "amount_euro": "200.00",
        "country": "GB",
        "region": "",
        "sub_payments_euro": "",
        "sub_payments_nc": "",
        "year": 2015,
        "nc_sign": "",
        "amount_nc": "545.04",
        "nc_conv_date": null,
        "zip_code": "NR20"
    },
    "model": "fs_data.payment",
    "pk": 2
},
{
    "fields": {
        "town": "Norwich",
        "nc_symbol": "",
        "nc_conv_rate": null,
        "name": "******",
        "amount_euro": "200.00",
        "country": "GB",
        "region": "",
        "sub_payments_euro": "",
        "sub_payments_nc": "",
        "year": 2015,
        "nc_sign": "",
        "amount_nc": "591.00",
        "nc_conv_date": null,
        "zip_code": "NR16"
    },
    "model": "fs_data.payment",
    "pk": 3
},
{
    "fields": {
        "town": "NORTH UIST",
        "nc_symbol": "",
        "nc_conv_rate": null,
        "name": "22 Balemore",
        "amount_euro": "200.00",
        "country": "GB",
        "region": "",
        "sub_payments_euro": "",
        "sub_payments_nc": "",
        "year": 2015,
        "nc_sign": "",
        "amount_nc": "3338.16",
        "nc_conv_date": null,
        "zip_code": "HS6"
    },
    "model": "fs_data.payment",
    "pk": 4
},
{
    "fields": {
        "town": "CALDICOT",
        "nc_symbol": "",
        "nc_conv_rate": null,
        "name": "2ND CALDICOT SCOUTS",
        "amount_euro": "200.00",
        "country": "GB",
        "region": "",
        "sub_payments_euro": "",
        "sub_payments_nc": "",
        "year": 2015,
        "nc_sign": "",
        "amount_nc": "2697.87",
        "nc_conv_date": null,
        "zip_code": "NP26"
    },
    "model": "fs_data.payment",
    "pk": 5
},
{
    "fields": {
        "town": "Norwich",
        "nc_symbol": "",
        "nc_conv_rate": null,
        "name": "******",
        "amount_euro": "200.00",
        "country": "GB",
        "region": "",
        "sub_payments_euro": "",
        "sub_payments_nc": "",
        "year": 2015,
        "nc_sign": "",
        "amount_nc": "753.60",
        "nc_conv_date": null,
        "zip_code": "NR3"
    },
    "model": "fs_data.payment",
    "pk": 6
}
]
